first_name,last_name,Company,Job Description,Email home,email,country,Mobile Phone,Skype Id,Address,City,State,Zip Code,Country,Note 1,Note 2
Janice1,Evans1,Royal pillar,GIS Technical Architect1,jevans0@geocities.com1,jevans0@chronoengine.com1,United States,1-(123)456-789,5673c8234d6f63776afc1,3 Express Junction1,Roanoke,VA,2401,US,Lorem Ipsum has been the industry tops ever since 1900,Lorem Ipsumÿis simply dummy text of the printing and typesetting industry1
Janice2,Evans2,Royal pillar,GIS Technical Architect2,jevans0@geocities.com2,jevans0@chronoengine.com2,United States,1-(123)456-790,5673c8234d6f63776afc2,4 Express Junction1,Roanoke,VA,2402,US,Lorem Ipsum has been the industry tops ever since 1900,Lorem Ipsumÿis simply dummy text of the printing and typesetting industry2
Janice3,Evans3,Royal pillar,GIS Technical Architect3,jevans0@geocities.com3,jevans0@chronoengine.com3,United States,1-(123)456-791,5673c8234d6f63776afc3,5 Express Junction1,Roanoke,VA,2403,US,Lorem Ipsum has been the industry's standard dummy text ever since the3,Lorem Ipsumÿis simply dummy text of the printing and typesetting industry3
Janice4,Evans4,Royal pillar,GIS Technical Architect4,jevans0@geocities.com4,jevans0@chronoengine.com4,United States,1-(123)456-792,5673c8234d6f63776afc4,6 Express Junction1,Roanoke,VA,2404,US,Lorem Ipsum has been the industry's standard dummy text ever since the4,Lorem Ipsumÿis simply dummy text of the printing and typesetting industry4
Janice5,Evans5,Royal pillar,GIS Technical Architect5,jevans0@geocities.com5,jevans0@chronoengine.com5,United States,1-(123)456-793,5673c8234d6f63776afc5,7 Express Junction1,Roanoke,VA,2405,US,Lorem Ipsum has been the industry's standard dummy text ever since the5,Lorem Ipsumÿis simply dummy text of the printing and typesetting industry5
Janice6,Evans6,Royal pillar,GIS Technical Architect6,jevans0@geocities.com6,jevans0@chronoengine.com6,United States,1-(123)456-794,5673c8234d6f63776afc6,8 Express Junction1,Roanoke,VA,2406,US,Lorem Ipsum has been the industry's standard dummy text ever since the6,Lorem Ipsumÿis simply dummy text of the printing and typesetting industry6
Janice7,Evans7,Royal pillar,GIS Technical Architect7,jevans0@geocities.com7,jevans0@chronoengine.com7,United States,1-(123)456-795,5673c8234d6f63776afc7,9 Express Junction1,Roanoke,VA,2407,US,Lorem Ipsum has been the industry's standard dummy text ever since the7,Lorem Ipsumÿis simply dummy text of the printing and typesetting industry7
Janice8,Evans8,Royal pillar,GIS Technical Architect8,jevans0@geocities.com8,jevans0@chronoengine.com8,United States,1-(123)456-796,5673c8234d6f63776afc8,10 Express Junction1,Roanoke,VA,2408,US,Lorem Ipsum has been the industry's standard dummy text ever since the8,Lorem Ipsumÿis simply dummy text of the printing and typesetting industry8
Janice9,Evans9,Royal Pillar,GIS Technical Architect9,jevans0@geocities.com9,jevans0@chronoengine.com9,United States,1-(123)456-797,5673c8234d6f63776afc9,11 Express Junction1,Roanoke,VA,2409,US,Lorem Ipsum has been the industry's standard dummy text ever since the9,Lorem Ipsumÿis simply dummy text of the printing and typesetting industry9
